{ "_id" : "61374e00a1664989167d7217", "username" : "emery", "realname" : "Emery Assogba", "email" : "assogba.emery@gmail.com", "password" : "52bd89bdb43e8a8c4f0c278c3c6a4b37933c6103847f55f2b588912c9d3dc3f6dc857dea1e1a382b5a776aca3056e396b0874f066fada5c0c8c84dd9d5f1936a", "bindings" : {  }, "language" : "en" }


db.Cinema.insert(
{
"nom":"Honkytonk Man",
"realisateur":{
"nom":"Eastwood",
"prenom":"Clint"
},
"annee":1982,
"acteurs":[
{
"nom":"Eastwood",
"prenom":"Kyle"
},
{
"nom":"Eastwood",
"prenom":"Clint"
}
]
}
)

db.Cinema.insert(
{
"nom":"Matrix",
"realisateur":{
"nom":"Keanu",
"prenom":"Reeves"
},
"annee":2021,
"acteurs":[
{
"nom":"Lawrence",
"prenom":"Fishburn"
},
{
"nom":"Coua-zotti",
"prenom":"Landry"
}
]
}
)
